Timestamp,Student_ID,Recommendation,Lecturer_Feedback,Feedback_Processed,Feedback_Action,Lecturer_Comment
2026-07-03 08:44:52,4,Action: Maintain current academic track. Recommend optional advanced workshops.,Useful,True,,
2026-07-16 12:25:02,3,Action Recommendation: Attendance risk detected. Schedule a mandatory attendance review session.,Useful,True,,
2026-08-12 10:51:18.835881,STU-001,Action Recommendation: Provide targeted remedial support and monitor the student's performance before the final assessment. Reason: The student's second-period academic performance is contributing to the predicted risk.,Useful,True,,
2026-08-12 11:03:29.985904,STU-001,Action Recommendation: Provide targeted remedial support and monitor the student's performance before the final assessment. Reason: The student's second-period academic performance is contributing to the predicted risk.,Useful,True,,
2026-08-12 11:22:17.371304,STU-001,Action Recommendation: Provide targeted remedial support and monitor the student's performance before the final assessment. Reason: The student's second-period academic performance is contributing to the predicted risk.,Useful,True,,
2026-08-28 11:36:42.898515,STU-012,No immediate intervention is indicated. Continue monitoring the student's academic progress.,Useful,True,,
2026-08-28 22:09:28.424915,STU-003,Action Recommendation: Provide targeted remedial support and monitor the student's performance before the final assessment. Reason: The student's recent academic performance is contributing to the predicted risk.,Useful,True,The recommendation is appropriate because the student's recent academic performance is a major risk factor.,False
2026-08-29 08:28:31.380319,STU-003,Action Recommendation: Provide targeted remedial support and monitor the student's performance before the final assessment. Reason: The student's recent academic performance is contributing to the predicted risk.,Useful,True,The recommendation is appropriate because the student's recent academic performance is a major risk factor.,False
2026-09-24 22:26:17.405644,1,Action Recommendation: Provide targeted remedial support and monitor the student's performance before the final assessment. Reason: The student's recent academic performance is contributing to the predicted risk.,Useful,True,,False
